city,total_collected_kg,total_delivered_kg
Greendale,14109.69999999999,10096.71999999999
Northport,16994.299999999974,11548.099999999997
Baytown,16406.099999999988,11442.939999999988
Uptown,15440.099999999995,10869.629999999994
Rivertown,14101.700000000013,9941.339999999995
Lakeside,9371.9,6526.7900000000045
Oldtown,14242.70000000003,10370.61
