category,pickup_count,total_kg
produce,332,22043.000000000025
cooked,476,19980.70000000001
packaged,510,13651.899999999994
bakery,319,7333.500000000001
meat,159,5375.0999999999985
dairy,150,2411.8000000000015
